{
    "@xmlns": "https://upm.es/viaje",
    "@xmlns:xsi": "http://www.w3.org/2001/XMLSchema-instance",
    "@xsi:schemaLocation": "https://upm.es/viaje viaje.xsd",
    "datos": {
        "fecha-inicio": "2023-07-23",
        "fecha-fin": "2023-08-20"
    },
    "viajeros": {
        "viajero": [
            {
                "nombre-viajero": "Sergio Manrique",
                "DNI": "06035305J",
                "email": "sergio.manrique@alumnos.upm.es",
                "fecha-nacimiento": "2004-04-12"
            },
            {
                "nombre-viajero": "Jose Luis Botella",
                "DNI": "04568768A",
                "email": "jluisbotella@gmail.com",
                "fecha-nacimiento": "1986-10-08"
            },
            {
                "nombre-viajero": "Mario García",
                "DNI": "75308418P",
                "email": "mario12garcia@hotmail.com",
                "fecha-nacimiento": "2010-04-22"
            },
            {
                "nombre-viajero": "Lucia Pérez Fernandez",
                "DNI": "96482675G",
                "email": "luperezfer@gmail.com",
                "fecha-nacimiento": "1990-12-02"
            }
        ]
    },
    "paises": {
        "pais": [
            {
                "nombre": "Austria",
                "numero-ciudades-visitadas": 2,
                "poblacion": 8956000
            },
            {
                "nombre": "Hungría",
                "numero-ciudades-visitadas": 1,
                "poblacion": 9710000
            }
        ]
    },
    "kilometros-viajados": 2022.56,
    "hoteles": {
        "hotel": [
            {
                "@pais": "Austia",
                "nombre": "Four Seasons Austria",
                "precio-noche": 1500,
                "personas-habitacion": 2,
                "ciudad": "Vienna"
            },
            {
                "@pais": "Austia",
                "nombre": "Best Western Plus Plaza Hotel Graz",
                "precio-noche": 120.12,
                "personas-habitacion": 3,
                "ciudad": "Graz"
            },
            {
                "@pais": "Hungría",
                "nombre": "FOUR SEASONS HOTEL GRESHAM PALACE BUDAPEST",
                "precio-noche": 750.62,
                "personas-habitacion": 4,
                "ciudad": "Budapest"
            }
        ]
    },
    "$schema": "./viaje.schema.json"
}